Genre,YouTube Link
Classical,https://www.youtube.com/watch?v=NqAOGduIFbg
Classical,https://www.youtube.com/watch?v=Qb_jQBgzU-I
Classical,https://www.youtube.com/watch?v=ef-4Bv5Ng0w
Classical,https://www.youtube.com/watch?v=CvFH_6DNRCY
Classical,https://www.youtube.com/watch?v=ho9rZjlsyYY
Classical,https://www.youtube.com/watch?v=KY1p-FmjT1M
Classical,https://www.youtube.com/watch?v=Rapf3g_XvCc
Classical,https://www.youtube.com/watch?v=2bosouX_d8Y
Classical,https://www.youtube.com/watch?v=GKkeDqJBlK8
Classical,https://www.youtube.com/watch?v=S-Xm7s9eGxU
Pop,https://www.youtube.com/watch?v=C-u5WLJ9Yk4
Pop,https://www.youtube.com/watch?v=eH3giaIzONA
Pop,https://www.youtube.com/watch?v=k2qgadSvNyU
Pop,https://www.youtube.com/watch?v=H9tEvfIsDyo
Pop,https://www.youtube.com/watch?v=eH3giaIzONA
Pop,https://www.youtube.com/watch?v=rYEDA3JcQqw
Pop,https://www.youtube.com/watch?v=nfWlot6h_JM
Pop,https://www.youtube.com/watch?v=JGwWNGJdvx8
Pop,https://www.youtube.com/watch?v=zqNTltOGh5c
Pop,https://www.youtube.com/watch?v=30FTr6G53VU
Pop,https://www.youtube.com/watch?v=vmDDOFXSgAs
Jazz,https://www.youtube.com/watch?v=8B1oIXGX0Io
Jazz,https://www.youtube.com/watch?v=cb2w2m1JmCY
Jazz,https://www.youtube.com/watch?v=9xUFnGWW6R8
Jazz,https://www.youtube.com/watch?v=SmhP1RgbrrY
Jazz,https://www.youtube.com/watch?v=u2bigf337aU
Jazz,https://www.youtube.com/watch?v=CWzrABouyeE
Jazz,https://www.youtube.com/watch?v=Z_1LfT1MvzI
